"File","Line","Method","Path"
"C:\laragon\www\plnip-portal-frontend\app\superadmin\activity-log\page.tsx","106","GET","/activity-log"
"C:\laragon\www\plnip-portal-frontend\app\admin\announcements\page.tsx","116","GET","/admin/announcements"
"C:\laragon\www\plnip-portal-frontend\app\admin\announcements\page.tsx","199","POST","/admin/announcements"
"C:\laragon\www\plnip-portal-frontend\lib\api\certificates.ts","78","GET","/admin/certificates"
"C:\laragon\www\plnip-portal-frontend\app\announcements\page.tsx","52","GET","/announcements"
"C:\laragon\www\plnip-portal-frontend\app\dashboard\announcements\page.tsx","116","GET","/announcements"
"C:\laragon\www\plnip-portal-frontend\app\admin\page.tsx","159","GET","/announcements/latest"
"C:\laragon\www\plnip-portal-frontend\app\change-password-required\page.tsx","103","POST","/auth/change-password-first-time"
"C:\laragon\www\plnip-portal-frontend\lib\api\certificates.ts","22","GET","/certificates"
"C:\laragon\www\plnip-portal-frontend\app\superadmin\home\page.tsx","295","POST","/cms/hero-images"
"C:\laragon\www\plnip-portal-frontend\app\superadmin\leaders\page.tsx","96","POST","/cms/leaders"
"C:\laragon\www\plnip-portal-frontend\app\superadmin\home\page.tsx","356","POST","/cms/login-backgrounds"
"C:\laragon\www\plnip-portal-frontend\app\superadmin\partners\page.tsx","91","POST","/cms/partners"
"C:\laragon\www\plnip-portal-frontend\app\superadmin\home\page.tsx","449","POST","/cms/partners"
"C:\laragon\www\plnip-portal-frontend\app\superadmin\home\page.tsx","432","POST","/cms/settings"
"C:\laragon\www\plnip-portal-frontend\app\superadmin\home\page.tsx","253","POST","/cms/settings"
"C:\laragon\www\plnip-portal-frontend\app\superadmin\home\page.tsx","322","POST","/cms/settings"
"C:\laragon\www\plnip-portal-frontend\app\superadmin\home\page.tsx","418","POST","/cms/settings"
"C:\laragon\www\plnip-portal-frontend\app\superadmin\home\page.tsx","404","POST","/cms/settings"
"C:\laragon\www\plnip-portal-frontend\app\superadmin\home\page.tsx","383","POST","/cms/settings"
"C:\laragon\www\plnip-portal-frontend\app\superadmin\home\page.tsx","238","POST","/cms/settings/upload"
"C:\laragon\www\plnip-portal-frontend\app\dashboard\page.tsx","122","GET","/courses/my"
"C:\laragon\www\plnip-portal-frontend\app\dashboard\classes\page.tsx","43","GET","/courses/my"
"C:\laragon\www\plnip-portal-frontend\app\instructor\announcements\page.tsx","123","GET","/courses/my"
"C:\laragon\www\plnip-portal-frontend\lib\api\courses.ts","58","POST","/courses/sync"
"C:\laragon\www\plnip-portal-frontend\app\instructor\classes\page.tsx","40","GET","/dashboard/instructor"
"C:\laragon\www\plnip-portal-frontend\app\instructor\page.tsx","155","GET","/dashboard/instructor"
"C:\laragon\www\plnip-portal-frontend\app\dashboard\page.tsx","121","GET","/dashboard/learner"
"C:\laragon\www\plnip-portal-frontend\app\admin\page.tsx","158","GET","/dashboard/stats"
"C:\laragon\www\plnip-portal-frontend\app\superadmin\page.tsx","143","GET","/dashboard/stats"
"C:\laragon\www\plnip-portal-frontend\lib\api\escalation.ts","106","GET","/escalations"
"C:\laragon\www\plnip-portal-frontend\lib\api\escalation.ts","123","POST","/escalations"
"C:\laragon\www\plnip-portal-frontend\lib\api\escalation.ts","112","GET","/escalations/stats"
"C:\laragon\www\plnip-portal-frontend\app\forgot-password\verify-otp\page.tsx","131","POST","/forgot-password/request-otp"
"C:\laragon\www\plnip-portal-frontend\app\forgot-password\page.tsx","26","POST","/forgot-password/request-otp"
"C:\laragon\www\plnip-portal-frontend\app\forgot-password\reset\page.tsx","71","POST","/forgot-password/reset"
"C:\laragon\www\plnip-portal-frontend\app\forgot-password\verify-otp\page.tsx","99","POST","/forgot-password/verify-otp"
"C:\laragon\www\plnip-portal-frontend\app\instructor\announcements\page.tsx","122","GET","/instructor/announcements"
"C:\laragon\www\plnip-portal-frontend\app\instructor\announcements\page.tsx","201","POST","/instructor/announcements"
"C:\laragon\www\plnip-portal-frontend\app\instructor\page.tsx","176","GET","/instructor/question-stats"
"C:\laragon\www\plnip-portal-frontend\app\superadmin\partners\page.tsx","70","GET","/landing-page"
"C:\laragon\www\plnip-portal-frontend\app\superadmin\leaders\page.tsx","75","GET","/landing-page"
"C:\laragon\www\plnip-portal-frontend\app\page.tsx","200","GET","/landing-page"
"C:\laragon\www\plnip-portal-frontend\contexts\SettingsContext.tsx","34","GET","/landing-page"
"C:\laragon\www\plnip-portal-frontend\app\login\page.tsx","86","GET","/landing-page"
"C:\laragon\www\plnip-portal-frontend\app\superadmin\home\page.tsx","135","GET","/landing-page"
"C:\laragon\www\plnip-portal-frontend\contexts\AuthContext.tsx","66","POST","/login"
"C:\laragon\www\plnip-portal-frontend\contexts\AuthContext.tsx","96","POST","/logout"
"C:\laragon\www\plnip-portal-frontend\components\instructor\InstructorShell.tsx","151","POST","/moodle/login-url"
"C:\laragon\www\plnip-portal-frontend\app\superadmin\page.tsx","237","POST","/moodle/login-url"
"C:\laragon\www\plnip-portal-frontend\app\admin\page.tsx","129","POST","/moodle/login-url"
"C:\laragon\www\plnip-portal-frontend\app\instructor\page.tsx","185","POST","/moodle/login-url"
"C:\laragon\www\plnip-portal-frontend\components\MoodleLoginButton.tsx","23","POST","/moodle/login-url"
"C:\laragon\www\plnip-portal-frontend\lib\api\moodleSync.ts","134","POST","/moodle/sync/categories"
"C:\laragon\www\plnip-portal-frontend\lib\api\moodleSync.ts","112","POST","/moodle/sync/courses"
"C:\laragon\www\plnip-portal-frontend\lib\api\moodleSync.ts","123","POST","/moodle/sync/enrollments"
"C:\laragon\www\plnip-portal-frontend\lib\api\moodleSync.ts","90","POST","/moodle/sync/full"
"C:\laragon\www\plnip-portal-frontend\app\superadmin\page.tsx","272","POST","/moodle/sync/full"
"C:\laragon\www\plnip-portal-frontend\lib\api\moodleSync.ts","142","GET","/moodle/sync/history"
"C:\laragon\www\plnip-portal-frontend\app\superadmin\page.tsx","148","GET","/moodle/sync/status"
"C:\laragon\www\plnip-portal-frontend\app\superadmin\page.tsx","281","GET","/moodle/sync/status"
"C:\laragon\www\plnip-portal-frontend\lib\api\moodleSync.ts","79","GET","/moodle/sync/status"
"C:\laragon\www\plnip-portal-frontend\lib\api\moodleSync.ts","101","POST","/moodle/sync/users"
"C:\laragon\www\plnip-portal-frontend\app\instructor\profile\page.tsx","89","PUT","/profile"
"C:\laragon\www\plnip-portal-frontend\app\dashboard\profile\page.tsx","73","PUT","/profile"
"C:\laragon\www\plnip-portal-frontend\app\superadmin\profile\page.tsx","96","PUT","/profile"
"C:\laragon\www\plnip-portal-frontend\app\admin\profile\page.tsx","96","PUT","/profile"
"C:\laragon\www\plnip-portal-frontend\app\dashboard\profile\page.tsx","114","POST","/profile/avatar"
"C:\laragon\www\plnip-portal-frontend\app\instructor\profile\page.tsx","130","POST","/profile/avatar"
"C:\laragon\www\plnip-portal-frontend\app\admin\profile\page.tsx","136","PUT","/profile/password"
"C:\laragon\www\plnip-portal-frontend\app\dashboard\profile\page.tsx","191","PUT","/profile/password"
"C:\laragon\www\plnip-portal-frontend\app\instructor\profile\page.tsx","162","PUT","/profile/password"
"C:\laragon\www\plnip-portal-frontend\app\superadmin\profile\page.tsx","136","PUT","/profile/password"
"C:\laragon\www\plnip-portal-frontend\contexts\AuthContext.tsx","116","POST","/register"
"C:\laragon\www\plnip-portal-frontend\app\superadmin\announcements\page.tsx","173","GET","/superadmin/announcements"
"C:\laragon\www\plnip-portal-frontend\app\superadmin\announcements\page.tsx","229","POST","/superadmin/announcements"
"C:\laragon\www\plnip-portal-frontend\app\superadmin\announcements\page.tsx","174","GET","/superadmin/announcements/tracking"
"C:\laragon\www\plnip-portal-frontend\app\superadmin\roles\page.tsx","68","GET","/superadmin/roles"
"C:\laragon\www\plnip-portal-frontend\app\superadmin\roles\page.tsx","96","POST","/superadmin/roles"
"C:\laragon\www\plnip-portal-frontend\app\superadmin\roles\page.tsx","69","GET","/superadmin/roles/permissions/all"
"C:\laragon\www\plnip-portal-frontend\app\superadmin\users\page.tsx","224","POST","/superadmin/sync-erp"
"C:\laragon\www\plnip-portal-frontend\app\superadmin\users\create\page.tsx","77","POST","/superadmin/users"
"C:\laragon\www\plnip-portal-frontend\app\superadmin\users\create-bulk\page.tsx","113","POST","/superadmin/users/bulk"
"C:\laragon\www\plnip-portal-frontend\contexts\AuthContext.tsx","53","GET","/user"
"C:\laragon\www\plnip-portal-frontend\app\change-password-required\page.tsx","43","GET","/user"
"C:\laragon\www\plnip-portal-frontend\lib\api\users.ts","38","GET","/users"
"C:\laragon\www\plnip-portal-frontend\lib\api\users.ts","44","GET","/users/all"
"C:\laragon\www\plnip-portal-frontend\app\superadmin\page.tsx","144","GET","/users/all"
"C:\laragon\www\plnip-portal-frontend\app\admin\page.tsx","160","GET","/users/all"
"C:\laragon\www\plnip-portal-frontend\app\superadmin\activity-log\page.tsx","84","GET","/users/all"
